,0
0,currencies
1,exchange
2,bitcoin
3,trading
4,investment
5,forex
6,assets
7,markets
8,monetary
9,commodity
10,crypto
11,litecoin
12,dogecoin
13,sarabjit
14,biosphere
15,gregorian
16,malign
17,bitcoins
18,endoftheworld
19,gox
20,currency
21,btc
22,paypal
23,mining
24,encrypted
25,algorithm
26,ssl
27,authentication
28,cryptography
29,metadata
30,spoofing
31,thwart
32,icloud
33,krugman
34,top-down
35,economists
36,meritocracy
37,populism
38,marxist
39,populist
40,stimulus
41,bureaucratic
42,free-market
43,strategist
44,executives
45,execs
46,curators
47,marketers
48,ceos
49,lobbyists
50,creatives
51,businessmen
52,innovators
53,commodities
54,equities
55,economies
56,stocks
57,emerging
58,unregulated
59,centralized
60,multi-platform
61,peer-to-peer
62,regulating
63,patterning
64,immediacy
65,participatory
66,city-wide
67,scalable
68,algorithms
69,predictive
70,optimization
71,redesign
72,automation
73,encryption
74,methodology
75,usability
76,analytics
77,mapping
78,crowdfunding
79,kickstarter
80,storytelling
81,startup
82,indiegogo
83,gamification
84,opendata
85,innovation
86,crowdsource
87,foundation
88,societies
89,established
90,constructing
91,fundamentals
92,institutions
93,components
94,structures
95,principles
96,built
97,crowd-sourced
98,data-driven
99,crowdsourcing
100,real-time
101,sourced
102,first-ever
103,taxpayer-funded
104,longform
105,metals
106,traders
107,investing
108,futures
109,speculating
110,gloat
111,speculations
112,fretting
113,accumulate
114,criticise
115,furthermore
116,discredit
117,bleating
118,onlookers
119,trade
120,market
121,swap
122,value
123,stock
124,offer
125,trades
126,analysis
127,investments
128,equity
129,investors
130,property
131,finance
132,financial
133,banking
134,fund
135,asset
136,economy
137,economic
138,easing
139,liquidity
140,policy
141,inflation
142,deposits
143,invest
144,strategies
145,estate
146,strategy
147,tax
148,debts
149,taxes
150,loans
151,consolidation
152,unemployment
153,loan
154,mortgage
155,recession
156,bank
157,corporate
158,business
159,consumer
160,payment
161,retail
162,knowledge
163,prosperity
164,poverty
165,redistribution
166,success
167,income
168,abundance
169,speculate
170,lamenting
171,gloating
172,cribbing
173,justifying
174,spouting
175,harping
176,waffling
177,slating
178,crude
179,prices
180,price
181,limited
182,order
183,sell
184,import
185,earnings
186,gains
187,posts
188,profits
189,’s
190,reveals
191,profit
192,eur
193,usd
194,jpy
195,aud
196,форекс
197,fx
198,shares
199,nasdaq
200,trader
201,brokers
202,hedge
203,traded
204,bearish
205,volatility
206,divergence
207,technicals
208,macd
209,stochastic
210,bullish
211,uptrend
212,engulfing
213,intraday
214,eurusd
215,usdjpy
